8.301000000000000045e-02,2.954999999999999988e-02,1.569399999999999962e-01,4.121999999999999970e-02,1.205200000000000021e-01,4.535000000000000142e-02,2.161399999999999988e-01,5.315999999999999892e-02,3.573999999999999844e+00,4.299999999999999656e-02,9.330000000000000071e+00,7.980000000000000426e-01
4.787000000000000283e-02,1.755999999999999922e-02,9.619999999999999385e-02,2.112999999999999948e-02,1.260199999999999931e-01,4.846999999999999920e-02,2.304100000000000037e-01,5.000000000000000278e-02,3.611600000000000144e+00,4.630000000000000088e-02,9.750000000000000000e+00,7.960000000000000409e-01
9.549000000000000543e-02,3.441999999999999921e-02,1.693099999999999883e-01,4.494000000000000078e-02,1.034100000000000019e-01,3.769999999999999740e-02,1.861800000000000122e-01,4.678999999999999826e-02,3.781200000000000117e+00,2.529999999999999957e-02,1.223000000000000043e+01,7.149999999999999689e-01
1.448699999999999988e-01,5.383000000000000285e-02,2.451000000000000123e-01,7.076000000000000345e-02,1.056399999999999978e-01,3.857000000000000012e-02,1.927899999999999892e-01,5.220999999999999946e-02,3.433699999999999974e+00,4.850000000000000144e-02,1.046000000000000085e+01,8.539999999999999813e-01
1.072099999999999997e-01,3.971999999999999836e-02,1.894899999999999918e-01,4.805000000000000243e-02,9.866999999999999382e-02,3.584999999999999992e-02,1.774900000000000089e-01,4.474000000000000199e-02,4.084999999999999964e+00,3.409999999999999837e-02,1.233999999999999986e+01,8.549999999999999822e-01
6.303000000000000269e-02,2.193000000000000158e-02,1.209599999999999981e-01,3.237000000000000294e-02,8.580000000000000127e-02,3.160999999999999921e-02,1.677299999999999902e-01,4.352000000000000313e-02,3.625199999999999978e+00,2.500000000000000139e-02,8.789999999999999147e+00,8.030000000000000471e-01
7.316000000000000281e-02,0.000000000000000000e+00,1.347399999999999987e-01,3.595000000000000279e-02,0.000000000000000000e+00,0.000000000000000000e+00,1.671700000000000130e-01,4.633999999999999925e-02,3.859500000000000153e+00,2.819999999999999937e-02,9.339999999999999858e+00,9.130000000000000338e-01
1.089399999999999952e-01,3.928999999999999854e-02,1.920600000000000085e-01,5.319000000000000117e-02,9.833999999999999686e-02,3.549000000000000071e-02,1.817699999999999871e-01,4.567999999999999838e-02,3.699399999999999800e+00,5.220000000000000334e-02,1.165000000000000036e+01,8.000000000000000444e-01
9.857000000000000484e-02,3.429000000000000103e-02,1.677599999999999925e-01,3.538999999999999785e-02,4.071999999999999925e-02,1.289000000000000042e-02,7.767999999999999905e-02,1.688999999999999876e-02,3.592699999999999783e+00,3.450000000000000289e-02,1.231000000000000050e+01,8.189999999999999503e-01
9.170000000000000373e-02,0.000000000000000000e+00,1.713300000000000101e-01,4.972000000000000031e-02,0.000000000000000000e+00,0.000000000000000000e+00,2.091200000000000003e-01,5.934999999999999998e-02,3.482600000000000140e+00,4.189999999999999974e-02,1.101999999999999957e+01,9.360000000000000542e-01
7.130999999999999839e-02,2.682000000000000009e-02,1.372700000000000031e-01,3.098000000000000059e-02,8.939999999999999336e-02,3.357000000000000262e-02,1.636400000000000077e-01,4.043000000000000066e-02,3.600000000000000089e+00,5.430000000000000104e-02,1.102999999999999936e+01,8.070000000000000506e-01
7.982000000000000206e-02,2.996000000000000052e-02,1.520700000000000107e-01,3.525999999999999968e-02,6.610000000000000597e-02,2.474000000000000157e-02,1.308199999999999918e-01,2.997999999999999970e-02,3.525399999999999867e+00,5.999999999999999778e-02,1.302999999999999936e+01,8.509999999999999787e-01
1.054900000000000004e-01,3.976999999999999980e-02,1.944299999999999917e-01,5.018000000000000238e-02,7.366000000000000325e-02,2.755000000000000157e-02,1.426099999999999868e-01,3.520000000000000212e-02,3.445600000000000218e+00,4.569999999999999757e-02,1.001999999999999957e+01,9.320000000000000506e-01
1.229800000000000060e-01,0.000000000000000000e+00,2.142400000000000138e-01,5.466000000000000025e-02,0.000000000000000000e+00,0.000000000000000000e+00,1.703300000000000092e-01,3.570999999999999869e-02,3.697000000000000064e+00,3.440000000000000002e-02,1.194999999999999929e+01,8.549999999999999822e-01
8.659000000000000030e-02,0.000000000000000000e+00,1.600399999999999878e-01,4.136999999999999705e-02,0.000000000000000000e+00,0.000000000000000000e+00,1.467400000000000093e-01,3.767000000000000209e-02,3.628000000000000114e+00,5.899999999999999689e-02,1.250000000000000000e+01,8.599999999999999867e-01
1.017600000000000032e-01,3.649000000000000160e-02,1.814900000000000124e-01,4.943999999999999784e-02,1.105700000000000016e-01,4.075999999999999762e-02,2.009700000000000097e-01,5.011000000000000176e-02,3.491499999999999826e+00,2.110000000000000070e-02,1.051999999999999957e+01,8.329999999999999627e-01
9.091000000000000469e-02,0.000000000000000000e+00,1.575100000000000111e-01,4.186000000000000137e-02,0.000000000000000000e+00,0.000000000000000000e+00,1.276899999999999979e-01,2.921999999999999945e-02,4.123800000000000132e+00,2.549999999999999836e-02,1.102999999999999936e+01,8.409999999999999698e-01
7.760999999999999843e-02,0.000000000000000000e+00,1.426300000000000068e-01,3.806999999999999967e-02,0.000000000000000000e+00,0.000000000000000000e+00,1.766999999999999960e-01,4.578000000000000125e-02,3.522899999999999920e+00,2.639999999999999986e-02,1.085999999999999943e+01,7.750000000000000222e-01
6.690000000000000113e-02,2.403999999999999887e-02,1.337099999999999955e-01,3.348000000000000281e-02,1.071899999999999936e-01,3.903000000000000219e-02,2.004499999999999893e-01,5.233000000000000151e-02,2.866099999999999870e+00,1.385000000000000120e-01,1.217999999999999972e+01,1.000000000000000000e+00
8.694999999999999951e-02,0.000000000000000000e+00,1.584599999999999898e-01,3.849999999999999950e-02,0.000000000000000000e+00,0.000000000000000000e+00,2.080299999999999927e-01,5.245999999999999969e-02,3.637300000000000200e+00,2.699999999999999969e-02,1.219999999999999929e+01,6.860000000000000542e-01
7.448000000000000453e-02,0.000000000000000000e+00,1.445599999999999941e-01,3.493999999999999884e-02,0.000000000000000000e+00,0.000000000000000000e+00,1.922500000000000042e-01,5.301000000000000156e-02,3.585199999999999942e+00,4.229999999999999732e-02,1.085999999999999943e+01,9.320000000000000506e-01
9.592000000000000526e-02,0.000000000000000000e+00,1.784300000000000053e-01,4.945000000000000090e-02,0.000000000000000000e+00,0.000000000000000000e+00,2.115599999999999981e-01,5.557000000000000134e-02,3.434200000000000141e+00,5.099999999999999672e-02,1.198000000000000043e+01,9.110000000000000320e-01
1.058899999999999980e-01,3.812000000000000111e-02,1.896899999999999975e-01,4.809999999999999692e-02,7.018000000000000627e-02,2.429999999999999868e-02,1.345800000000000052e-01,3.268000000000000071e-02,3.801499999999999879e+00,2.259999999999999856e-02,7.440000000000000391e+00,8.659999999999999920e-01
9.092999999999999694e-02,3.443999999999999839e-02,1.685699999999999976e-01,3.919000000000000261e-02,8.609999999999999598e-02,3.164999999999999758e-02,1.558199999999999863e-01,4.025999999999999718e-02,3.697799999999999976e+00,2.620000000000000107e-02,1.300999999999999979e+01,7.219999999999999751e-01
8.334999999999999354e-02,2.937999999999999987e-02,1.600199999999999956e-01,4.161000000000000115e-02,1.225099999999999939e-01,4.537999999999999673e-02,2.180499999999999938e-01,5.709999999999999798e-02,3.603899999999999881e+00,2.910000000000000087e-02,1.025000000000000000e+01,8.030000000000000471e-01
